Community,Total-Nodes,Total-Edges,Avg-In-Degree,Avg-Out-Degree,Avg-Weight,company,organization,Uncategorized,person,location,political_organization,vessel,movement,event,ownership,partnership,family_relationship,membership
0.0,215.0,1236.0,2.902325581395349,2.8465116279069766,0.8659389874595468,2.0,75.0,40.0,39.0,33.0,6.0,10.0,1.0,9.0,201.0,335.0,297.0,403.0
1.0,475.0,3483.0,3.671578947368421,3.6610526315789476,0.8592904723313228,14.0,119.0,82.0,150.0,74.0,7.0,24.0,1.0,4.0,764.0,728.0,620.0,1371.0
2.0,157.0,1101.0,3.4394904458598727,3.573248407643312,0.8607954411534968,7.0,46.0,37.0,32.0,19.0,3.0,10.0,3.0,0.0,137.0,193.0,251.0,520.0
3.0,36.0,1272.0,17.666666666666668,17.666666666666668,0.9621290177672954,0.0,0.0,36.0,0.0,0.0,0.0,0.0,0.0,0.0,0.0,1238.0,0.0,34.0
4.0,219.0,1612.0,3.5753424657534247,3.7853881278538815,0.8627952308870976,8.0,70.0,32.0,63.0,28.0,8.0,7.0,0.0,3.0,426.0,313.0,470.0,403.0
5.0,70.0,474.0,3.3714285714285714,3.4,0.8303078799578059,2.0,21.0,17.0,20.0,4.0,1.0,5.0,0.0,0.0,88.0,141.0,88.0,157.0
6.0,58.0,263.0,2.2413793103448274,2.293103448275862,0.8218543374524714,4.0,21.0,14.0,13.0,5.0,0.0,1.0,0.0,0.0,74.0,64.0,32.0,93.0
